;;;;;;;
;;;;;;;
;;;;;;;
;;;;;;;
;;;;;;;
;;;;;;;
;Amundi ETF;;;;;;
;;;;;;;
;TITOLI DETENUTI DAL FONDO;;;;;;
;;;;;;;
;Nome del fondo;Amundi Stoxx Europe 600 UCITS ETF Acc;;;;;
;Codice ISIN;LU0908500753;;;;;
;Metodologia di Replica;Physical;;;;;
;;;;;;;
;Attivi in gestione nel fondo al 23/05/2025;12.154,63 mln EUR;;;;;
;Valuta di riferimento;EUR;;;;;
;;;;;;;
;Si prega di notare che i dati relativi ai titoli detenuti a livello del fondo possono cambiare quotidianamente. Dati ritenuti esatti al 23/05/2025. Si prega di fare riferimento al sito per le ultime informazioni diponibili.;;;;;;
;;;;;;;
;Codice ISIN;Nome;Asset class;Valuta;Peso;Settore;Paese
;DE0007164600;SAP SE / XETRA;EQUITY;EUR; 2.32%;Information Technology;Germania
;NL0010273215;ASML HOLDING NV;EQUITY;EUR; 2.21%;Information Technology;Paesi Bassi
;CH0038863350;NESTLE SA-REG;EQUITY;CHF; 2.17%;Beni di prima necessità;Svizzera
;CH0012005267;NOVARTIS AG-REG;EQUITY;CHF; 1.71%;Sanità;Svizzera
;CH0012032048;ROCHE HOLDING AG - GENUSSS;EQUITY;CHF; 1.71%;Sanità;Svizzera
;GB0009895292;ASTRAZENECA GBP;EQUITY;GBP; 1.68%;Sanità;Regno Unito
;DK0062498333;NOVO NORDISK A/S-B;EQUITY;DKK; 1.66%;Sanità;Dinamarca
;GB0005405286;HSBC HOLDINGS PLC;EQUITY;GBP; 1.61%;Finanziari;Regno Unito
;GB00BP6MXD84;SHELL PLC EUR;EQUITY;EUR; 1.53%;Energia;Regno Unito
;DE0007236101;SIEMENS AG-REG;EQUITY;EUR; 1.39%;Industrali;Germania
;GB00B10RZP78;UNILEVER PLC LONDON;EQUITY;GBP; 1.25%;Beni di prima necessità;Regno Unito
;DE0008404005;ALLIANZ SE-REG;EQUITY;EUR; 1.17%;Finanziari;Germania
;FR0000121972;SCHNEIDER ELECT SE;EQUITY;EUR; 1.09%;Industrali;Francia
;FR0000121014;LVMH MOET HENNESSY LOUIS VUI;EQUITY;EUR; 1.07%;Beni voluttuari;Francia
;DE0005557508;DEUTSCHE TELEKOM NAMEN (XETRA);EQUITY;EUR; 1.06%;Servizi di comunicazione;Germania
;FR0000120271;TOTALENERGIES SE PARIS;EQUITY;EUR; 1.01%;Energia;Francia
;FR0000120578;SANOFI - PARIS;EQUITY;EUR; 0.94%;Sanità;Francia
;ES0113900J37;BANCO SANTANDER SA MADRID;EQUITY;EUR; 0.92%;Finanziari;Spagna
;FR0000073272;SAFRAN SA;EQUITY;EUR; 0.84%;Industrali;Francia
;ES0144580Y14;IBERDROLA SA;EQUITY;EUR; 0.83%;Beni di pubblica utilità;Spagna
;NL0000235190;AIRBUS SE-BERLIN;EQUITY;EUR; 0.81%;Industrali;Francia
;GB00B2B0DG97;RELX PLC;EQUITY;GBP; 0.80%;Industrali;Regno Unito
;CH0210483332;CIE FINANCIERE RICHEMO-A REG;EQUITY;CHF; 0.79%;Beni voluttuari;Svizzera
;CH0011075394;ZURICH INSURANCE GROUP AG;EQUITY;CHF; 0.79%;Finanziari;Svizzera
;CH0244767585;UBS GROUP AG;EQUITY;CHF; 0.77%;Finanziari;Svizzera
;IT0005239360;UNICREDIT SPA;EQUITY;EUR; 0.75%;Finanziari;Italia
;GB00B63H8491;ROLLS-ROYCE HOLDINGS PLC;EQUITY;GBP; 0.74%;Industrali;Regno Unito
;FR0000052292;HERMES INTERNATIONAL;EQUITY;EUR; 0.72%;Beni voluttuari;Francia
;FR0000131104;BNP PARIBAS;EQUITY;EUR; 0.71%;Finanziari;Francia
;CH0012221716;ABB LTD-REG;EQUITY;CHF; 0.70%;Industrali;Svizzera
;DE0007030009;RHEINMETALL ORD;EQUITY;EUR; 0.69%;Industrali;Germania
;GB0002875804;BRITISH AMERICAN TOBACCO;EQUITY;GBP; 0.68%;Beni di prima necessità;Regno Unito
;;;CASH;EUR; 0.67%; ; 
;FR0000120628;AXA SA;EQUITY;EUR; 0.67%;Finanziari;Francia
;ES0113211835;BANCO BILBAO VIZCAYA ARGENTA;EQUITY;EUR; 0.66%;Finanziari;Spagna
;FR0000121667;ESSILORLUXOTTICA;EQUITY;EUR; 0.66%;Sanità;Francia
;DE0008430026;MUENCHENER RUECKVER AG-REG;EQUITY;EUR; 0.66%;Finanziari;Germania
;FR0000125486;VINCI SA (PARIS);EQUITY;EUR; 0.65%;Industrali;Francia
;GB00BN7SWP63;GSK PLC;EQUITY;GBP; 0.63%;Sanità;Regno Unito
;GB00B0SWJX34;LONDON STOCK EXCHANGE GROUP;EQUITY;GBP; 0.62%;Finanziari;Regno Unito
;GB0007980591;BP PLC;EQUITY;GBP; 0.61%;Energia;Regno Unito
;IT0000072618;INTESA SANPAOLO;EQUITY;EUR; 0.60%;Finanziari;Italia
;GB0002634946;BAE SYSTEMS PLC;EQUITY;GBP; 0.58%;Industrali;Regno Unito
;GB00BDR05C01;NATIONAL GRID PLC;EQUITY;GBP; 0.58%;Beni di pubblica utilità;Regno Unito
;IT0003128367;ENEL SPA;EQUITY;EUR; 0.55%;Beni di pubblica utilità;Italia
;BE0974293251;ANHEUSER-BUSCH INBEV SA/NV;EQUITY;EUR; 0.54%;Beni di prima necessità;Belgio
;NL0013654783;PROSUS NV;EQUITY;EUR; 0.52%;Beni voluttuari;Paesi Bassi
;NL0011821202;ING GROEP NV;EQUITY;EUR; 0.51%;Finanziari;Paesi Bassi
;GB0007188757;RIO TINTO PLC (GBR);EQUITY;GBP; 0.51%;Materiali;Regno Unito
;GB00BD6K4575;COMPASS GROUP PLC GBP;EQUITY;GBP; 0.50%;Beni voluttuari;Regno Unito
;FR001400T5U9;AIR LIQUIDE PRIME DE FIDELITE 2027;EQUITY;EUR; 0.50%;Materiali;Francia
;GB0008706128;LLOYDS BANKING GROUP PLC;EQUITY;GBP; 0.49%;Finanziari;Regno Unito
;DE000ENER6Y0;SIEMENS ENERGY AG;EQUITY;EUR; 0.49%;Industrali;Germania
;GB0031348658;BARCLAYS PLC;EQUITY;GBP; 0.48%;Finanziari;Regno Unito
;DE0005810055;DEUTSCHE BOERSE AG;EQUITY;EUR; 0.48%;Finanziari;Germania
;CH0012214059;HOLCIM LTD;EQUITY;CHF; 0.47%;Materiali;Svizzera
;GB0002374006;DIAGEO PLC;EQUITY;GBP; 0.47%;Beni di prima necessità;Regno Unito
;ES0148396007;INDUSTRIA DE DISENO TEXTIL;EQUITY;EUR; 0.45%;Beni voluttuari;Spagna
;GB00BM8PJY71;NATWEST GROUP PLC;EQUITY;GBP; 0.43%;Finanziari;Regno Unito
;NL0011585146;FERRARI NV MILAN;EQUITY;EUR; 0.43%;Beni voluttuari;Italia
;FR0000120644;DANONE;EQUITY;EUR; 0.43%;Beni di prima necessità;Francia
;FR0000125007;COMPAGNIE DE SAINT GOBAIN;EQUITY;EUR; 0.43%;Industrali;Francia
;FR001400UH43;L OREAL PRIME DE FIDELITE 2027;EQUITY;EUR; 0.42%;Beni di prima necessità;Francia
;GB00B1YW4409;3I GROUP PLC;EQUITY;GBP; 0.42%;Finanziari;Regno Unito
;NL0012969182;ADYEN NV;EQUITY;EUR; 0.42%;Finanziari;Paesi Bassi
;DE0005140008;DEUTSCHE BANK AG NAMEN;EQUITY;EUR; 0.41%;Finanziari;Germania
;SE0015811963;INVESTOR AB-B SHS;EQUITY;SEK; 0.41%;Finanziari;Svezia
;CH0126881561;SWISS RE AG;EQUITY;CHF; 0.40%;Finanziari;Svizzera
;DE0006231004;INFINEON TECHNOLOGIES AG;EQUITY;EUR; 0.38%;Information Technology;Germania
;CH0013841017;LONZA GROUP AG-REG;EQUITY;CHF; 0.38%;Sanità;Svizzera
;FI4000297767;NORDEA BANK ABP;EQUITY;EUR; 0.37%;Finanziari;Finlandia
;GB00B19NLV48;EXPERIAN PLC;EQUITY;GBP; 0.37%;Industrali;Regno Unito
;DK0060079531;DSV A/S (DKK);EQUITY;DKK; 0.36%;Industrali;Dinamarca
;GB00BMX86B70;HALEON PLC;EQUITY;GBP; 0.36%;Sanità;Regno Unito
;GB00B24CGK77;RECKITT BENCKISER GROUP PLC;EQUITY;GBP; 0.35%;Beni di prima necessità;Regno Unito
;DE000A1EWWW0;ADIDAS AG;EQUITY;EUR; 0.34%;Beni voluttuari;Germania
;FR0000130809;SOCIETE GENERALE;EQUITY;EUR; 0.34%;Finanziari;Francia
;SE0000115446;VOLVO AB-B SHS;EQUITY;SEK; 0.34%;Industrali;Svezia
;NL0000395903;WOLTERS KLUWER;EQUITY;EUR; 0.34%;Industrali;Paesi Bassi
;CH0432492467;ALCON INC - CHF;EQUITY;CHF; 0.33%;Sanità;Svizzera
;DE0005552004;DHL GROUP (XETRA);EQUITY;EUR; 0.33%;Industrali;Germania
;CH0418792922;SIKA AG-REG;EQUITY;CHF; 0.33%;Materiali;Svizzera
;DE000BASF111;BASF SE XETRA;EQUITY;EUR; 0.32%;Materiali;Germania
;SE0017486889;ATLAS COPCO AB-A SHS;EQUITY;SEK; 0.32%;Industrali;Svezia
;DE0007100000;MERCEDES-BENZ GROUP AG;EQUITY;EUR; 0.32%;Beni voluttuari;Germania
;IT0000062072;GENERALI;EQUITY;EUR; 0.32%;Finanziari;Italia
;CH0010645932;GIVAUDAN-REG;EQUITY;CHF; 0.32%;Materiali;Svizzera
;DE000ENAG999;E.ON SE;EQUITY;EUR; 0.31%;Beni di pubblica utilità;Germania
;NL0011794037;KONINKLIJKE AHOLD DELHAIZE;EQUITY;EUR; 0.30%;Beni di prima necessità;Paesi Bassi
;ES0109067019;AMADEUS IT GROUP SA;EQUITY;EUR; 0.28%;Beni voluttuari;Spagna
;JE00B4T3BW64;GLENCORE PLC GBP;EQUITY;GBP; 0.28%;Materiali;Regno Unito
;FR0000120073;AIR LIQUIDE SA;EQUITY;EUR; 0.28%;Materiali;Francia
;GB00B1XZS820;ANGLO AMERICAN PLC GBP;EQUITY;GBP; 0.28%;Materiali;Regno Unito
;NL0010832176;ARGENX SE;EQUITY;EUR; 0.28%;Sanità;Belgio
;GB00BLGZ9862;TESCO PLC;EQUITY;GBP; 0.27%;Beni di prima necessità;Regno Unito
;FR0010307819;LEGRAND SA;EQUITY;EUR; 0.24%;Industrali;Francia
;DE000CBK1001;COMMERZBANK AG;EQUITY;EUR; 0.24%;Finanziari;Germania
;ES0140609019;CAIXABANK SA;EQUITY;EUR; 0.24%;Finanziari;Spagna
;SE0007100581;ASSA ABLOY AB -B;EQUITY;SEK; 0.24%;Industrali;Svezia
;FR0000120321;L OREAL (Paris);EQUITY;EUR; 0.24%;Beni di prima necessità;Francia
;GB0004082847;STANDARD CHARTERED PLC;EQUITY;GBP; 0.23%;Finanziari;Regno Unito
;FR0000133308;ORANGE;EQUITY;EUR; 0.23%;Servizi di comunicazione;Francia
;CH0024608827;PARTNERS GROUP AG;EQUITY;CHF; 0.23%;Finanziari;Svizzera
;IT0003132476;ENI SPA MILAN;EQUITY;EUR; 0.22%;Energia;Italia
;GB0004544929;IMPERIAL BRANDS PLC;EQUITY;GBP; 0.22%;Beni di prima necessità;Regno Unito
;FR0000121329;THALES SA;EQUITY;EUR; 0.22%;Industrali;Francia
;CH0014852781;SWISS LIFE HOLDINGS AG;EQUITY;CHF; 0.22%;Finanziari;Svizzera
;FI0009000681;NOKIA OYJ;EQUITY;EUR; 0.22%;Information Technology;Finlandia
;FR0000125338;CAPGEMINI SE;EQUITY;EUR; 0.22%;Information Technology;Francia
;FR001400U6U4;ENGIE PRIME DE FIDELITE 2027;EQUITY;EUR; 0.22%;Beni di pubblica utilità;Francia
;GB0007099541;PRUDENTIAL PLC;EQUITY;GBP; 0.21%;Finanziari;Regno Unito
;DE000BAY0017;BAYER AG-REG;EQUITY;EUR; 0.21%;Sanità;Germania
;FI4000552500;SAMPO OYJ-A SHS;EQUITY;EUR; 0.21%;Finanziari;Finlandia
;FR0014003TT8;DASSAULT SYSTEMES SE;EQUITY;EUR; 0.21%;Information Technology;Francia
;DE0006047004;HEIDELBERGCEMENT AG;EQUITY;EUR; 0.21%;Materiali;Germania
;SE0000148884;SKANDINAVISKA ENSKILDA BANKEN A;EQUITY;SEK; 0.20%;Finanziari;Svezia
;GB0000536739;ASHTEAD GROUP PLC;EQUITY;GBP; 0.20%;Industrali;Regno Unito
;FR001400AJ45;MICHELIN (CGDE);EQUITY;EUR; 0.20%;Beni voluttuari;Francia
;DK0010274414;DANSKE BANK A/S;EQUITY;DKK; 0.20%;Finanziari;Dinamarca
;GB0007908733;SSE PLC;EQUITY;GBP; 0.20%;Beni di pubblica utilità;Regno Unito
;NL0015001FS8;FERROVIAL SE;EQUITY;EUR; 0.20%;Industrali;Spagna
;FI0009013403;KONE OYJ-B;EQUITY;EUR; 0.20%;Industrali;Finlandia
;NL0015000IY2;UNIVERSAL MUSIC GROUP NV;EQUITY;EUR; 0.20%;Servizi di comunicazione;Paesi Bassi
;FR0000130577;PUBLICIS GROUPE SA;EQUITY;EUR; 0.20%;Servizi di comunicazione;Francia
;FR0000124141;VEOLIA ENVIRONNEMENT;EQUITY;EUR; 0.19%;Beni di pubblica utilità;Francia
;NL0000009165;HEINEKEN NV;EQUITY;EUR; 0.19%;Beni di prima necessità;Paesi Bassi
;NL0000334118;ASM INTERNATIONAL NV;EQUITY;EUR; 0.19%;Information Technology;Paesi Bassi
;DE0007037129;RWE AG;EQUITY;EUR; 0.19%;Beni di pubblica utilità;Germania
;DE0005190003;BAYERISCHE MOTOREN WERKE AG;EQUITY;EUR; 0.19%;Beni voluttuari;Germania
;SE0000108656;ERICSSON LM-B SHS;EQUITY;SEK; 0.19%;Information Technology;Svezia
;AT0000652011;ERSTE GROUP BANK;EQUITY;EUR; 0.19%;Finanziari;Austria
;DK0060336014;NOVONESIS (NOVOZYMES) B;EQUITY;DKK; 0.19%;Materiali;Dinamarca
;CH0030170408;GEBERIT AG-REG;EQUITY;CHF; 0.18%;Industrali;Svizzera
;SE0000242455;SWEDBANK AB;EQUITY;SEK; 0.18%;Finanziari;Svezia
;SE0012853455;EQT AB;EQUITY;SEK; 0.18%;Finanziari;Svezia
;NO0010161896;DNB BANK ASA;EQUITY;NOK; 0.18%;Finanziari;Norvegia
;IT0003856405;LEONARDO SPA;EQUITY;EUR; 0.18%;Industrali;Italia
;DE000DTR0CK8;DAIMLER TRUCK HOLDING AG;EQUITY;EUR; 0.18%;Industrali;Germania
;SE0000667891;SANDVIK AB;EQUITY;SEK; 0.18%;Industrali;Svezia
;DE000A1ML7J1;VONOVIA SE;EQUITY;EUR; 0.17%;Immobiliare;Germania
;FR0000045072;CREDIT AGRICOLE SA;EQUITY;EUR; 0.17%;Finanziari;Francia
;BE0003739530;UCB SA;EQUITY;EUR; 0.17%;Sanità;Belgio
;DE0007664039;VOLKSWAGEN AG-PFD;EQUITY;EUR; 0.17%;Beni voluttuari;Germania
;GB00BH4HKS39;VODAFONE GROUP PLC;EQUITY;GBP; 0.17%;Servizi di comunicazione;Regno Unito
;GB00BPQY8M80;AVIVA PLC;EQUITY;GBP; 0.17%;Finanziari;Regno Unito
;BE0003565737;KBC GROUP NV;EQUITY;EUR; 0.17%;Finanziari;Belgio
;NO0010096985;EQUINOR ASA;EQUITY;NOK; 0.17%;Energia;Norvegia
;CH1243598427;SANDOZ GROUP AG;EQUITY;CHF; 0.17%;Sanità;Svizzera
;SE0015961909;HEXAGON AB-B SHS;EQUITY;SEK; 0.16%;Information Technology;Svezia
;DE000A0D9PT0;MTU AERO ENGINES AG;EQUITY;EUR; 0.16%;Industrali;Germania
;ES0178430E18;TELEFONICA SA;EQUITY;EUR; 0.16%;Servizi di comunicazione;Spagna
;NL00150001Q9;STELLANTIS MILAN;EQUITY;EUR; 0.16%;Beni voluttuari;Italia
;DE0005785604;FRESENIUS SE & CO KGAA;EQUITY;EUR; 0.16%;Sanità;Germania
;FR0000120693;PERNOD RICARD;EQUITY;EUR; 0.16%;Beni di prima necessità;Francia
;SE0007100599;SVENSKA HANDELSBKN SER A;EQUITY;SEK; 0.16%;Finanziari;Svezia
;GB0032089863;NEXT PLC;EQUITY;GBP; 0.15%;Beni voluttuari;Regno Unito
;CH1216478797;DSM-FIRMENICH AG;EQUITY;EUR; 0.15%;Materiali;Paesi Bassi
;ES0105046009;AENA SME SA;EQUITY;EUR; 0.15%;Industrali;Spagna
;FR0000053951;AIR LIQUIDE PRIME FIDELITE;EQUITY;EUR; 0.15%;Materiali;Francia
;GB0005603997;LEGAL & GENERAL GROUP PLC;EQUITY;GBP; 0.15%;Finanziari;Regno Unito
;DE0008402215;HANNOVER RUECK SE;EQUITY;EUR; 0.14%;Finanziari;Germania
;NL0000009082;KONINKLIJKE KPN NV;EQUITY;EUR; 0.14%;Servizi di comunicazione;Paesi Bassi
;ES0105066007;CELLNEX TELECOM SA;EQUITY;EUR; 0.14%;Servizi di comunicazione;Spagna
;GB00BHJYC057;INTERCONTINENTAL HOTELS GROU;EQUITY;GBP; 0.14%;Beni voluttuari;Regno Unito
;CH0008742519;SWISSCOM AG-REG;EQUITY;CHF; 0.14%;Servizi di comunicazione;Svizzera
;IT0004176001;PRYSMIAN SPA;EQUITY;EUR; 0.14%;Industrali;Italia
;IE0004906560;KERRY GROUP PLC-A;EQUITY;EUR; 0.14%;Beni di prima necessità;Irlanda
;NL0000009538;KONINKLIJKE PHILIPS NV;EQUITY;EUR; 0.14%;Sanità;Paesi Bassi
;SE0009922164;ESSITY AKTIEBOLAG - B;EQUITY;SEK; 0.13%;Beni di prima necessità;Svezia
;NL0000226223;STMICROELECTRONICS/PARIS;EQUITY;EUR; 0.13%;Information Technology;Italia
;DE0006599905;MERCK KGAA;EQUITY;EUR; 0.13%;Sanità;Germania
;FR0011149590;L OREAL PRIME FIDELITE;EQUITY;EUR; 0.13%;Beni di prima necessità;Francia
;GB00B8C3BL03;SAGE GROUP PLC;EQUITY;GBP; 0.13%;Information Technology;Regno Unito
;PLPKO0000016;PKO BANK POLSKI;EQUITY;PLN; 0.13%;Finanziari;Polonia
;DE000SHL1006;SIEMENS HEALTHINEERS AG;EQUITY;EUR; 0.13%;Sanità;Germania
;ES0113860A34;BANCO DE SABADELL SA;EQUITY;EUR; 0.13%;Finanziari;Spagna
;SE0021921269;SAAB AB-B;EQUITY;SEK; 0.12%;Industrali;Svezia
;CH0010570767;CHOCOLADEFABRIKEN LINDT-PC;EQUITY;CHF; 0.12%;Beni di prima necessità;Svizzera
;CH0012549785;SONOVA HOLDING;EQUITY;CHF; 0.12%;Sanità;Svizzera
;CH1256740924;SGS SA-REG;EQUITY;CHF; 0.12%;Industrali;Svizzera
;NL0010773842;NN GROUP NV;EQUITY;EUR; 0.12%;Finanziari;Paesi Bassi
;DK0061539921;VESTAS WIND SYSTEMS A/S;EQUITY;DKK; 0.12%;Industrali;Dinamarca
;GB0004052071;HALMA PLC;EQUITY;GBP; 0.12%;Information Technology;Regno Unito
;CH1175448666;STRAUMANN HOLDING AG-REG;EQUITY;CHF; 0.12%;Sanità;Svizzera
;DK0060252690;PANDORA A/S (DKK);EQUITY;DKK; 0.12%;Beni voluttuari;Dinamarca
;NO0003043309;KONGSBERG GRUPPEN;EQUITY;NOK; 0.12%;Industrali;Norvegia
;IT0005218380;BANCO BPM SPA;EQUITY;EUR; 0.12%;Finanziari;Italia
;DE000SYM9999;SYMRISE AG;EQUITY;EUR; 0.12%;Materiali;Germania
;FI0009005987;UPM-KYMMENE OYJ;EQUITY;EUR; 0.12%;Materiali;Finlandia
;DK0060448595;COLOPLAST-B;EQUITY;DKK; 0.12%;Sanità;Dinamarca
;IE00BF0L3536;AIB GROUP PLC;EQUITY;EUR; 0.11%;Finanziari;Irlanda
;GB00BMJ6DW54;INFORMA PLC;EQUITY;GBP; 0.11%;Servizi di comunicazione;Regno Unito
;GB0030913577;BT GROUP PLC;EQUITY;GBP; 0.11%;Servizi di comunicazione;Regno Unito
;CH0024638196;SCHINDLER HOLDING-PART CERT;EQUITY;CHF; 0.11%;Industrali;Svizzera
;NL0006294274;EURONEXT NV PARIS;EQUITY;EUR; 0.11%;Finanziari;Francia
;IT0003242622;TERNA-RETE ELETTRICA NAZIONA;EQUITY;EUR; 0.11%;Beni di pubblica utilità;Italia
;SE0015658109;EPIROC AB-A;EQUITY;SEK; 0.11%;Industrali;Svezia
;IE00BYTBXV33;RYANAIR HOLDINGS PLC IRL;EQUITY;EUR; 0.11%;Industrali;Irlanda
;ES0173516115;REPSOL SA;EQUITY;EUR; 0.11%;Energia;Spagna
;NL0011540547;ABN AMRO BANK NV-CVA;EQUITY;EUR; 0.11%;Finanziari;Paesi Bassi
;DK0010272202;GENMAB A/S;EQUITY;DKK; 0.11%;Sanità;Dinamarca
;DK0010181759;CARLSBERG AS-B;EQUITY;DKK; 0.11%;Beni di prima necessità;Dinamarca
;DE0006048432;HENKEL AG & CO KGAA VOR-PFD;EQUITY;EUR; 0.10%;Beni di prima necessità;Germania
;LU1598757687;ARCELORMITTAL SA AMSTERDAM;EQUITY;EUR; 0.10%;Materiali;Lussemburgo
;IT0004965148;MONCLER SPA;EQUITY;EUR; 0.10%;Beni voluttuari;Italia
;FR0000121485;KERING PARIS;EQUITY;EUR; 0.10%;Beni voluttuari;Francia
;CH0102484968;JULIUS BAER GROUP LTD;EQUITY;CHF; 0.10%;Finanziari;Svizzera
;DE0005200000;BEIERSDORF AG;EQUITY;EUR; 0.10%;Beni di prima necessità;Germania
;IE0004927939;KINGSPAN GROUP;EQUITY;EUR; 0.10%;Industrali;Irlanda
;IT0000072170;FINECOBANK SPA;EQUITY;EUR; 0.10%;Finanziari;Italia
;CH0025238863;KUEHNE + NAGEL INTL AG-REG;EQUITY;CHF; 0.10%;Industrali;Svizzera
;FR0000130452;EIFFAGE;EQUITY;EUR; 0.10%;Industrali;Francia
;ES0167050915;ACS ACTIVIDADES CONS Y SERV;EQUITY;EUR; 0.10%;Industrali;Spagna
;GB0009223206;SMITH & NEPHEW PLC;EQUITY;GBP; 0.09%;Sanità;Regno Unito
;CH0025751329;LOGITECH INTERNATIONAL-REG;EQUITY;CHF; 0.09%;Information Technology;Svizzera
;IT0003153415;SNAM SPA;EQUITY;EUR; 0.09%;Beni di pubblica utilità;Italia
;IE00BD1RP616;BANK OF IRELAND GROUP PLC;EQUITY;EUR; 0.09%;Finanziari;Irlanda
;FR0010208488;ENGIE;EQUITY;EUR; 0.09%;Beni di pubblica utilità;Francia
;SE0000695876;ALFA LAVAL AB;EQUITY;SEK; 0.09%;Industrali;Svezia
;BE0974264930;AGEAS;EQUITY;EUR; 0.09%;Finanziari;Belgio
;FR0000120503;BOUYGUES SA;EQUITY;EUR; 0.09%;Industrali;Francia
;GB00B02J6398;ADMIRAL GROUP PLC;EQUITY;GBP; 0.09%;Finanziari;Regno Unito
;NL0013267909;AKZO NOBEL N.V.;EQUITY;EUR; 0.09%;Materiali;Paesi Bassi
;CH0198251305;COCA-COLA HBC AG-DI - LDN;EQUITY;GBP; 0.09%;Beni di prima necessità;Regno Unito
;SE0012673267;EVOLUTION AB;EQUITY;SEK; 0.09%;Beni voluttuari;Svezia
;CH0008038389;SWISS PRIME SITE;EQUITY;CHF; 0.09%;Immobiliare;Svizzera
;GB00B082RF11;RENTOKIL INITIAL 05;EQUITY;GBP; 0.09%;Industrali;Regno Unito
;DE0005785802;FRESENIUS MED CARE AG CO;EQUITY;EUR; 0.09%;Sanità;Germania
;IT0000062957;MEDIOBANCA SPA;EQUITY;EUR; 0.09%;Finanziari;Italia
;ES0177542018;INTL CONSOLD AIRLINES GRP SA-GBP;EQUITY;GBP; 0.09%;Industrali;Regno Unito
;FR0006174348;BUREAU VERITAS;EQUITY;EUR; 0.09%;Industrali;Francia
;GB00B0744B38;BUNZL PLC;EQUITY;GBP; 0.09%;Industrali;Regno Unito
;GB0006776081;PEARSON PLC;EQUITY;GBP; 0.08%;Beni voluttuari;Regno Unito
;GB00B5ZN1N88;SEGRO PLC;EQUITY;GBP; 0.08%;Immobiliare;Regno Unito
;PTEDP0AM0009;EDP SA;EQUITY;EUR; 0.08%;Beni di pubblica utilità;Portogallo
;GB00BL9YR756;WISE PLC - A;EQUITY;GBP; 0.08%;Finanziari;Regno Unito
;DE0006602006;GEA GROUP AG EX MG TECHNOLOGIE;EQUITY;EUR; 0.08%;Industrali;Germania
;GB00B033F229;CENTRICA PLC;EQUITY;GBP; 0.08%;Beni di pubblica utilità;Regno Unito
;FR0000131906;RENAULT SA;EQUITY;EUR; 0.08%;Beni voluttuari;Francia
;GB00BVYVFW23;AUTO TRADER GROUP PLC;EQUITY;GBP; 0.08%;Servizi di comunicazione;Regno Unito
;FR0000120404;ACCOR SA;EQUITY;EUR; 0.08%;Beni voluttuari;Francia
;PLPKN0000018;ORLEN SA;EQUITY;PLN; 0.08%;Energia;Polonia
;CH1335392721;GALDERMA GROUP AG;EQUITY;CHF; 0.08%;Sanità;Svizzera
;GB00B39J2M42;UNITED UTILITIES GROUP PLC NEW;EQUITY;GBP; 0.08%;Beni di pubblica utilità;Regno Unito
;CH0012410517;BALOISE HOLDING;EQUITY;CHF; 0.08%;Finanziari;Svizzera
;CH0311864901;VAT GROUP AG;EQUITY;CHF; 0.08%;Industrali;Svizzera
;NO0010063308;TELENOR ASA;EQUITY;NOK; 0.08%;Servizi di comunicazione;Norvegia
;GB0031274896;MARKS & SPENCER GROUP PLC;EQUITY;GBP; 0.08%;Beni di prima necessità;Regno Unito
;CH1101098163;BELIMO HOLDING AG-REG;EQUITY;CHF; 0.08%;Industrali;Svizzera
;AT0000BAWAG2;BAWAG GROUP AG;EQUITY;EUR; 0.08%;Finanziari;Austria
;ES0116870314;NATURGY ENERGY GROUP SA;EQUITY;EUR; 0.08%;Beni di pubblica utilità;Spagna
;FI0009003727;WARTSILA OYJ;EQUITY;EUR; 0.08%;Industrali;Finlandia
;NL0012866412;BE SEMICONDUCTOR INDUSTRIES;EQUITY;EUR; 0.08%;Information Technology;Paesi Bassi
;GB0031638363;INTERTEK GROUP PLC;EQUITY;GBP; 0.08%;Industrali;Regno Unito
;NL0015002CX3;QIAGEN N.V.;EQUITY;EUR; 0.07%;Sanità;Germania
;DE000A12DM80;SCOUT24 SE;EQUITY;EUR; 0.07%;Servizi di comunicazione;Germania
;IT0003796171;POSTE ITALIANE SPA;EQUITY;EUR; 0.07%;Finanziari;Italia
;BMG0112X1056;AEGON LTD AMSTERDAM;EQUITY;EUR; 0.07%;Finanziari;Paesi Bassi
;ES0130670112;ENDESA SA;EQUITY;EUR; 0.07%;Beni di pubblica utilità;Spagna
;GB00B1FH8J72;SEVERN TRENT PLC;EQUITY;GBP; 0.07%;Beni di pubblica utilità;Regno Unito
;GB00B1WY2338;SMITHS GROUP PLC;EQUITY;GBP; 0.07%;Industrali;Regno Unito
;JE00B8KF9B49;WPP PLC;EQUITY;GBP; 0.07%;Servizi di comunicazione;Regno Unito
;SE0015949201;LIFCO AB-B SHS;EQUITY;SEK; 0.07%;Industrali;Svezia
;FR0000120172;CARREFOUR SA;EQUITY;EUR; 0.07%;Beni di prima necessità;Francia
;GB0000456144;ANTOFAGASTA PLC;EQUITY;GBP; 0.07%;Materiali;Regno Unito
;NL0000008977;HEINEKEN HOLDING NV;EQUITY;EUR; 0.07%;Beni di prima necessità;Paesi Bassi
;FR0013326246;UNIBAIL-RODAMCO-WESTFIELD /PARIS;EQUITY;EUR; 0.07%;Immobiliare;Francia
;DE0005439004;CONTINENTAL AG;EQUITY;EUR; 0.07%;Beni voluttuari;Germania
;SE0000113250;SKANSKA AB-B SHS;EQUITY;SEK; 0.07%;Industrali;Svezia
;NL0011872643;ASR NEDERLAND NV;EQUITY;EUR; 0.07%;Finanziari;Paesi Bassi
;NO0003733800;ORKLA ASA;EQUITY;NOK; 0.07%;Beni di prima necessità;Norvegia
;SE0014781795;ADDTECH AB-B SHARES;EQUITY;SEK; 0.07%;Industrali;Svezia
;NO0003054108;MOWI ASA;EQUITY;NOK; 0.07%;Beni di prima necessità;Norvegia
;NL0012059018;EXOR NV;EQUITY;EUR; 0.07%;Finanziari;Paesi Bassi
;SE0005190238;TELE2 AB-B SHS NEW;EQUITY;SEK; 0.07%;Servizi di comunicazione;Svezia
;SE0000667925;TELIA CO AB / SEK;EQUITY;SEK; 0.07%;Servizi di comunicazione;Svezia
;DK0060636678;TRYG A/S;EQUITY;DKK; 0.07%;Finanziari;Dinamarca
;PLPZU0000011;POWSZECHNY ZAKLAD UBEZPIECZEN;EQUITY;PLN; 0.07%;Finanziari;Polonia
;IT0000066123;BPER BANCA SPA;EQUITY;EUR; 0.07%;Finanziari;Italia
;FR0000121964;KLEPIERRE;EQUITY;EUR; 0.07%;Immobiliare;Francia
;GB0000811801;BARRATT DEVEL  ORD 10P;EQUITY;GBP; 0.07%;Beni voluttuari;Regno Unito
;SE0020050417;BOLIDEN AB;EQUITY;SEK; 0.07%;Materiali;Svezia
;CH0018294154;PSP SWISS PROPERTY;EQUITY;CHF; 0.07%;Immobiliare;Svizzera
;DK0010244508;AP MOLLER-MAERSK A/S-B;EQUITY;DKK; 0.07%;Industrali;Dinamarca
;GB0001826634;DIPLOMA PLC;EQUITY;GBP; 0.07%;Industrali;Regno Unito
;FI0009007884;ELISA OYJ;EQUITY;EUR; 0.07%;Servizi di comunicazione;Finlandia
;ES0173093024;REDEIA CORP SA;EQUITY;EUR; 0.06%;Beni di pubblica utilità;Spagna
;FR0014000MR3;EUROFINS SCIENTIFIC;EQUITY;EUR; 0.06%;Sanità;Francia
;DE000TLX1005;TALANX AG;EQUITY;EUR; 0.06%;Finanziari;Germania
;AT0000743059;OMV AG;EQUITY;EUR; 0.06%;Energia;Austria
;PLPEKAO00016;BANK PEKAO SA;EQUITY;PLN; 0.06%;Finanziari;Polonia
;SE0000106270;HENNES & MAURITZ AB-B SHS;EQUITY;SEK; 0.06%;Beni voluttuari;Svezia
;FI0009007132;FORTUM OYJ;EQUITY;EUR; 0.06%;Beni di pubblica utilità;Finlandia
;GB0006731235;ASSOCIATED BRITISH FOODS PLC;EQUITY;GBP; 0.06%;Beni di prima necessità;Regno Unito
;DE000ZAL1111;ZALANDO SE;EQUITY;EUR; 0.06%;Beni voluttuari;Germania
;GB0009465807;WEIR GROUP PLC/THE;EQUITY;GBP; 0.06%;Industrali;Regno Unito
;GB00BYQ0JC66;BEAZLEY PLC/UK;EQUITY;GBP; 0.06%;Finanziari;Regno Unito
;NL0010801007;IMCD NV;EQUITY;EUR; 0.06%;Industrali;Paesi Bassi
;GB00BGDT3G23;RIGHTMOVE PLC;EQUITY;GBP; 0.06%;Servizi di comunicazione;Regno Unito
;ES0113679I37;BANKINTER SA;EQUITY;EUR; 0.06%;Finanziari;Spagna
;GB00BYT1DJ19;INTERMEDIATE CAPITAL GROUP;EQUITY;GBP; 0.06%;Finanziari;Regno Unito
;FI0009014377;ORION OYJ-CLASS B;EQUITY;EUR; 0.06%;Sanità;Finlandia
;SE0000872095;SWEDISH ORPHAN BIOVITRUM AB;EQUITY;SEK; 0.06%;Sanità;Svezia
;GB0007669376;ST JAMES S PLACE CAPITAL;EQUITY;GBP; 0.06%;Finanziari;Regno Unito
;CH0466642201;HELVETIA HOLDING AG-REG;EQUITY;CHF; 0.06%;Finanziari;Svizzera
;SE0000114837;TRELLEBORG AB;EQUITY;SEK; 0.06%;Industrali;Svezia
;FR0010908533;EDENRED;EQUITY;EUR; 0.06%;Finanziari;Francia
;DE000A1DAHH0;BRENNTAG SE;EQUITY;EUR; 0.06%;Industrali;Germania
;PTBCP0AM0015;BANCO COMERCIAL PORTUGUES;EQUITY;EUR; 0.06%;Finanziari;Portogallo
;FR0012757854;SPIE SA;EQUITY;EUR; 0.06%;Industrali;Francia
;PTJMT0AE0001;JERONIMO MARTINS;EQUITY;EUR; 0.06%;Beni di prima necessità;Portogallo
;NO0005052605;NORSK HYDRO ASA  NOK20;EQUITY;NOK; 0.06%;Materiali;Norvegia
;DE0006452907;NEMETSCHEK AG;EQUITY;EUR; 0.06%;Information Technology;Germania
;IT0005508921;BANCA MONTE DEI PASCHI SIENA REGR;EQUITY;EUR; 0.06%;Finanziari;Italia
;SE0000112724;SVENSKA CELLULOSA AB;EQUITY;SEK; 0.06%;Materiali;Svezia
;DE000KBX1006;KNORR-BREME AG;EQUITY;EUR; 0.06%;Industrali;Germania
;IT0004810054;UNIPOL GRUPPO FINANZ;EQUITY;EUR; 0.06%;Finanziari;Italia
;GB00BGXQNP29;PHOENIX GROUP HOLDINGS PLC;EQUITY;GBP; 0.06%;Finanziari;Regno Unito
;DE0005470306;CTS EVENTIM;EQUITY;EUR; 0.06%;Servizi di comunicazione;Germania
;PTGAL0AM0009;GALP ENERGIA -B;EQUITY;EUR; 0.05%;Energia;Portogallo
;FR0010220475;ALSTOM;EQUITY;EUR; 0.05%;Industrali;Francia
;FI0009000202;KESKO OYJ-B SHS;EQUITY;EUR; 0.05%;Beni di prima necessità;Finlandia
;SE0000108227;SKF AB-B SHARES;EQUITY;SEK; 0.05%;Industrali;Svezia
;GB0033195214;KINGFISHER PLC;EQUITY;GBP; 0.05%;Beni voluttuari;Regno Unito
;FI0009014575;METSO CORP;EQUITY;EUR; 0.05%;Industrali;Finlandia
;IM00B5VQMV65;ENTAIN PLC;EQUITY;GBP; 0.05%;Beni voluttuari;Regno Unito
;SE0000163594;SECURITAS AB -B-SEK5;EQUITY;SEK; 0.05%;Industrali;Svezia
;NO0010345853;AKER BP ASA;EQUITY;NOK; 0.05%;Energia;Norvegia
;GB00BNGDN821;MELROSE INDUSTRIES PLC;EQUITY;GBP; 0.05%;Industrali;Regno Unito
;SE0001515552;INDUTRADE AB;EQUITY;SEK; 0.05%;Industrali;Svezia
;NO0010208051;YARA INTERNATIONAL ASA;EQUITY;NOK; 0.05%;Materiali;Norvegia
;GB00BGLP8L22;IMI PLC;EQUITY;GBP; 0.05%;Industrali;Regno Unito
;GB00B019KW72;SAINSBURY (J) PLC;EQUITY;GBP; 0.05%;Beni di prima necessità;Regno Unito
;GB00BKFB1C65;M&G PLC;EQUITY;GBP; 0.05%;Finanziari;Regno Unito
;GB0003718474;GAMES WORKSHOP;EQUITY;GBP; 0.05%;Beni voluttuari;Regno Unito
;DK0060094928;ORSTED A/S;EQUITY;DKK; 0.05%;Beni di pubblica utilità;Dinamarca
;DE000PAH0038;PORSCHE AUTOMOBIL HLDG-PFD;EQUITY;EUR; 0.05%;Beni voluttuari;Germania
;LU2598331598;TENARIS SA;EQUITY;EUR; 0.05%;Energia;Italia
;PLDINPL00011;DINO POLSKA SA;EQUITY;PLN; 0.05%;Beni di prima necessità;Polonia
;DE000A2E4K43;DELIVERY HERO;EQUITY;EUR; 0.05%;Beni voluttuari;Germania
;CH0010675863;SWISSQUOTE GROUP HOLDING SA;EQUITY;CHF; 0.05%;Finanziari;Svizzera
;DE000LEG1110;LEG IMMOBILIEN AG;EQUITY;EUR; 0.05%;Immobiliare;Germania
;DE0007165631;SARTORIUS PFD;EQUITY;EUR; 0.05%;Sanità;Germania
;GB00B1KJJ408;WHITBREAD PLC;EQUITY;GBP; 0.05%;Beni voluttuari;Regno Unito
;CH1169151003;FISCHER (GEORG)-REG;EQUITY;CHF; 0.05%;Industrali;Svizzera
;BMG4593F1389;HISCOX LTD;EQUITY;GBP; 0.05%;Finanziari;Regno Unito
;IT0003828271;RECORDATI INDUSTRIA CHIMICA;EQUITY;EUR; 0.05%;Sanità;Italia
;FR0011726835;GAZTRANSPORT ET TECHNIGAZ SA;EQUITY;EUR; 0.05%;Energia;Francia
;GB00BD3VFW73;CONVATEC GROUP PLC;EQUITY;GBP; 0.05%;Sanità;Regno Unito
;BE0003764785;ACKERMANS & VAN HAAREN;EQUITY;EUR; 0.05%;Industrali;Belgio
;FI0009005961;STORA ENSO OYJ-R SHS;EQUITY;EUR; 0.05%;Materiali;Finlandia
;NO0003053605;STOREBRAND ASA;EQUITY;NOK; 0.05%;Finanziari;Norvegia
;GB0005576813;HOWDEN JOINERY GRP PLC;EQUITY;GBP; 0.05%;Industrali;Regno Unito
;BE0003797140;GROUPE BRUXELLES LAMBERT SA;EQUITY;EUR; 0.05%;Finanziari;Belgio
;GB00BMWC6P49;MONDI PLC GBP;EQUITY;GBP; 0.05%;Materiali;Regno Unito
;SE0015988019;NIBE INDUSTRIER AB-B SHS;EQUITY;SEK; 0.05%;Industrali;Svezia
;GB00BYW0PQ60;LAND SECURITIES GROUP PLC;EQUITY;GBP; 0.05%;Immobiliare;Regno Unito
;CH0435377954;SIG GROUP AG;EQUITY;CHF; 0.05%;Materiali;Svizzera
;FR0010533075;GETLINK SE;EQUITY;EUR; 0.05%;Industrali;Francia
;DE000HAG0005;HENSOLDT AG;EQUITY;EUR; 0.05%;Industrali;Germania
;FR0014004L86;DASSAULT AVIATION SA;EQUITY;EUR; 0.05%;Industrali;Francia
;CH0023405456;AVOLTA AG;EQUITY;CHF; 0.05%;Beni voluttuari;Svizzera
;FR0013280286;BIOMERIEUX;EQUITY;EUR; 0.05%;Sanità;Francia
;FR0010451203;REXEL SA;EQUITY;EUR; 0.04%;Industrali;Francia
;IE0002424939;DCC PLC;EQUITY;GBP; 0.04%;Industrali;Regno Unito
;FR0013154002;SARTORIUS STEDIM BIOTECH;EQUITY;EUR; 0.04%;Sanità;Francia
;GB00BP0RGD03;BERKELEY GROUP HOLDINGS/THE;EQUITY;GBP; 0.04%;Beni voluttuari;Regno Unito
;SE0000379190;CASTELLUM AB GOTHENBURG;EQUITY;SEK; 0.04%;Immobiliare;Svezia
;CH1169360919;ACCELLERON INDUSTRIES AG;EQUITY;CHF; 0.04%;Industrali;Svizzera
;SE0000107203;INDUSTRIVARDEN AB-C SHS;EQUITY;SEK; 0.04%;Finanziari;Svezia
;FR0000051807;TELEPERFORMANCE;EQUITY;EUR; 0.04%;Industrali;Francia
;FR0004125920;AMUNDI SA;EQUITY;EUR; 0.04%;Finanziari;Francia
;AT0000746409;VERBUND AG;EQUITY;EUR; 0.04%;Beni di pubblica utilità;Austria
;NL0014559478;TECHNIP ENERGIES NV;EQUITY;EUR; 0.04%;Energia;Francia
;GB0008782301;TAYLOR WIMPEY;EQUITY;GBP; 0.04%;Beni voluttuari;Regno Unito
;FI0009005870;KONECRANES OYJ;EQUITY;EUR; 0.04%;Industrali;Finlandia
;SE0017832488;FASTIGHETS AB BALDER-B SHRS;EQUITY;SEK; 0.04%;Immobiliare;Svezia
;DE000EVNK013;EVONIK INDUSTRIES AG;EQUITY;EUR; 0.04%;Materiali;Germania
;CH0319416936;FLUGHAFEN ZUERICH REG;EQUITY;CHF; 0.04%;Industrali;Svizzera
;LU2237380790;ALLEGRO.EU SA;EQUITY;PLN; 0.04%;Beni voluttuari;Polonia
;GB00BWFGQN14;SPIRAX GROUP PLC;EQUITY;GBP; 0.04%;Industrali;Regno Unito
;CH0016440353;EMS-CHEMIE HOLDING AG-REG;EQUITY;CHF; 0.04%;Materiali;Svizzera
;CH0012255151;SWATCH GROUP AG/THE-BR;EQUITY;CHF; 0.04%;Beni voluttuari;Svizzera
;BE0974464977;SYENSQO SA;EQUITY;EUR; 0.04%;Materiali;Belgio
;SE0014990966;LAGERCRANTZ GROUP AB-B SHS;EQUITY;SEK; 0.04%;Information Technology;Svezia
;SE0005127818;SAGAX AB-B;EQUITY;SEK; 0.04%;Immobiliare;Svezia
;AT0000730007;ANDRITZ AG;EQUITY;EUR; 0.04%;Industrali;Austria
;SE0017161243;FORTNOX AB;EQUITY;SEK; 0.04%;Information Technology;Svezia
;DE0007500001;THYSSEN KRUPP AG;EQUITY;EUR; 0.04%;Materiali;Germania
;DE000RENK730;RENK GROUP AG;EQUITY;EUR; 0.04%;Industrali;Germania
;CH0360674466;GALENICA AG;EQUITY;CHF; 0.04%;Sanità;Svizzera
;GB0006825383;PERSIMMON PLC;EQUITY;GBP; 0.04%;Beni voluttuari;Regno Unito
;GB00BY9D0Y18;DIRECT LINE INSURANCE GROUP PLC;EQUITY;GBP; 0.04%;Finanziari;Regno Unito
;DE000PAG9113;DR ING HC F PORSCHE AG;EQUITY;EUR; 0.04%;Beni voluttuari;Germania
;SE0015949748;BEIJER REF AB;EQUITY;SEK; 0.04%;Industrali;Svezia
;SE0022419784;SECTRA AB-B SHS SEK;EQUITY;SEK; 0.04%;Sanità;Svezia
;DK0063855168;ROCKWOOL A/S-B SHS;EQUITY;DKK; 0.04%;Industrali;Dinamarca
;GB0001367019;BRITISH LAND CO  ORD 25P;EQUITY;GBP; 0.04%;Immobiliare;Regno Unito
;GB00B06QFB75;IG GROUP HOLDINGS PLC;EQUITY;GBP; 0.04%;Finanziari;Regno Unito
;SE0012454072;AVANZA BANK HOLDING AB;EQUITY;SEK; 0.04%;Finanziari;Svezia
;LU1072616219;B&M EUROPEAN VALUE RETAIL SA;EQUITY;GBP; 0.04%;Beni voluttuari;Regno Unito
;JE00BRX98089;CVC CAPITAL PARTNERS PLC;EQUITY;EUR; 0.04%;Finanziari;Paesi Bassi
;PLBZ00000044;SANTANDER BANK POLSKA SA;EQUITY;PLN; 0.04%;Finanziari;Polonia
;GB00BJFFLV09;CRODA INTERNATIONAL PLC;EQUITY;GBP; 0.04%;Materiali;Regno Unito
;BE0003822393;ELIA GROUP SA/NV;EQUITY;EUR; 0.04%;Beni di pubblica utilità;Belgio
;BE0974259880;D IETEREN GROUP;EQUITY;EUR; 0.04%;Beni voluttuari;Belgio
;SE0011337708;AAK AB;EQUITY;SEK; 0.04%;Beni di prima necessità;Svezia
;DK0060854669;RINGKJOEBING LANDBOBANK;EQUITY;DKK; 0.04%;Finanziari;Dinamarca
;SE0015192067;NORDNET AB PUBL;EQUITY;SEK; 0.04%;Finanziari;Svezia
;BE0003717312;SOFINA;EQUITY;EUR; 0.04%;Finanziari;Belgio
;CH0130293662;BKW AG;EQUITY;CHF; 0.04%;Beni di pubblica utilità;Svizzera
;PLLPP0000011;LPP SA;EQUITY;PLN; 0.04%;Beni voluttuari;Polonia
;NO0010582521;GJENSIDIGE FORSIKRING ASA;EQUITY;NOK; 0.04%;Finanziari;Norvegia
;GB00B4WFW713;LONDONMETRIC PROPERTY PLC;EQUITY;GBP; 0.04%;Immobiliare;Regno Unito
;DK0010307958;JYSKE BANK-REG;EQUITY;DKK; 0.04%;Finanziari;Dinamarca
;CH0012138605;ADECCO GROUP AG-REG;EQUITY;CHF; 0.04%;Industrali;Svizzera
;FR0010411983;SCOR SE;EQUITY;EUR; 0.04%;Finanziari;Francia
;GB00B0LCW083;HIKMA PHARMACEUTICALS;EQUITY;GBP; 0.04%;Sanità;Regno Unito
;FR0010040865;GECINA SA;EQUITY;EUR; 0.04%;Immobiliare;Francia
;NL0000379121;RANDSTAD NV;EQUITY;EUR; 0.04%;Industrali;Paesi Bassi
;BE0974349814;WAREHOUSES DE PAUW SCA EUR;EQUITY;EUR; 0.03%;Immobiliare;Belgio
;GB0031743007;BURBERRY GROUP PLC;EQUITY;GBP; 0.03%;Beni voluttuari;Regno Unito
;DE0007010803;RATIONAL AG;EQUITY;EUR; 0.03%;Industrali;Germania
;CH1429326825;SIEGFRIED HOLDING AG-REG;EQUITY;CHF; 0.03%;Sanità;Svizzera
;AT0000831706;WIENERBERGER AG;EQUITY;EUR; 0.03%;Materiali;Austria
;PLKGHM000017;KGHM POLSKA MIEDZ S.A.;EQUITY;PLN; 0.03%;Materiali;Polonia
;NL0014332678;JDE PEET S NV;EQUITY;EUR; 0.03%;Beni di prima necessità;Paesi Bassi
;IT0000784196;BANCA POPOLARE DI SONDRIO;EQUITY;EUR; 0.03%;Finanziari;Italia
;FR0010313833;ARKEMA;EQUITY;EUR; 0.03%;Materiali;Francia
;NL0015435975;DAVIDE CAMPARI-MILANO NV;EQUITY;EUR; 0.03%;Beni di prima necessità;Italia
;NL0012015705;JUST EAT TAKEAWAY;EQUITY;EUR; 0.03%;Beni voluttuari;Paesi Bassi
;FI0009013296;NESTE OYJ;EQUITY;EUR; 0.03%;Energia;Finlandia
;FR0010259150;IPSEN;EQUITY;EUR; 0.03%;Sanità;Francia
;FR0013451333;FDJ UNITED;EQUITY;EUR; 0.03%;Beni voluttuari;Francia
;SE0000202624;GETINGE AB-B SHS;EQUITY;SEK; 0.03%;Sanità;Svezia
;IT0001347308;BUZZI SPA;EQUITY;EUR; 0.03%;Materiali;Italia
;FI4000074984;VALMET OYJ;EQUITY;EUR; 0.03%;Industrali;Finlandia
;FR0000039299;BOLLORE SE;EQUITY;EUR; 0.03%;Servizi di comunicazione;Francia
;CH0225173167;CEMBRA MONEY BANK AG;EQUITY;CHF; 0.03%;Finanziari;Svizzera
;CH0012453913;TEMENOS AG - REG;EQUITY;CHF; 0.03%;Information Technology;Svizzera
;CH0008837566;ALLREAL HOLDING AG-REG;EQUITY;CHF; 0.03%;Immobiliare;Svizzera
;ES0105025003;MERLIN PROPERTIES SOCIMI;EQUITY;EUR; 0.03%;Immobiliare;Spagna
;IT0003497168;TELECOM ITALIA SPA;EQUITY;EUR; 0.03%;Servizi di comunicazione;Italia
;SE0010100958;INVESTMENT AB LATOUR-B SHS;EQUITY;SEK; 0.03%;Industrali;Svezia
;GB00B17BBQ50;INVESTEC PLC GBP;EQUITY;GBP; 0.03%;Finanziari;Regno Unito
;NL0015000LU4;IVECO GROUP NV;EQUITY;EUR; 0.03%;Industrali;Italia
;DE000A2LQ884;AUTO1 GROUP SE;EQUITY;EUR; 0.03%;Beni voluttuari;Germania
;DE0008232125;DEUTSCHE LUFTHANSA NOMINATIVE;EQUITY;EUR; 0.03%;Industrali;Germania
;DK0060257814;ZEALAND PHARMA A/S;EQUITY;DKK; 0.03%;Sanità;Dinamarca
;IL0011284465;PLUS500 LTD;EQUITY;GBP; 0.03%;Finanziari;Regno Unito
;AT0000606306;RAIFFEISEN BANK INTL;EQUITY;EUR; 0.03%;Finanziari;Austria
;FR0000121220;SODEXO SA;EQUITY;EUR; 0.03%;Beni voluttuari;Francia
;FR0000044448;NEXANS SA;EQUITY;EUR; 0.03%;Industrali;Francia
;LU0075646355;SUBSEA 7 SA;EQUITY;NOK; 0.03%;Energia;Norvegia
;DE0006070006;HOCHTIEF AG  DM50;EQUITY;EUR; 0.03%;Industrali;Germania
;FR0012435121;ELIS SA;EQUITY;EUR; 0.03%;Industrali;Francia
;DK0010287663;NKT A/S;EQUITY;DKK; 0.03%;Industrali;Dinamarca
;DE000A0Z2ZZ5;FREENET AG;EQUITY;EUR; 0.03%;Servizi di comunicazione;Germania
;GB00BF8Q6K64;ABERDEEN GROUP PLC;EQUITY;GBP; 0.03%;Finanziari;Regno Unito
;GB00BZ4BQC70;JOHNSON MATTHEY PLC;EQUITY;GBP; 0.03%;Materiali;Regno Unito
;NO0010631567;SPAREBANK 1 SOR-NORGE ASA;EQUITY;NOK; 0.03%;Finanziari;Norvegia
;GB0000904986;BELLWAY PLC;EQUITY;GBP; 0.03%;Beni voluttuari;Regno Unito
;LU2290522684;INPOST SA;EQUITY;EUR; 0.03%;Industrali;Paesi Bassi
;DE000KGX8881;KION GROUP AG;EQUITY;EUR; 0.03%;Industrali;Germania
;DK0060542181;ISS A/S;EQUITY;DKK; 0.03%;Industrali;Dinamarca
;ES0130960018;ENAGAS SA;EQUITY;EUR; 0.03%;Beni di pubblica utilità;Spagna
;GB00BG49KP99;TRITAX BIG BOX REIT PLC;EQUITY;GBP; 0.03%;Immobiliare;Regno Unito
;GB0006928617;UNITE GROUP;EQUITY;GBP; 0.03%;Immobiliare;Regno Unito
;SE0006993770;AXFOOD AB;EQUITY;SEK; 0.03%;Beni di prima necessità;Svezia
;BE0003851681;AEDIFICA;EQUITY;EUR; 0.03%;Immobiliare;Belgio
;CH0009002962;BARRY CALLEBAUT AG;EQUITY;CHF; 0.03%;Beni di prima necessità;Svizzera
;SE0014960373;SWECO AB-B SHS;EQUITY;SEK; 0.03%;Industrali;Svezia
;IT0005090300;INFRASTRUTTURE WIRELESS ITALIANE;EQUITY;EUR; 0.03%;Servizi di comunicazione;Italia
;DK0060634707;ROYAL UNIBREW;EQUITY;DKK; 0.03%;Beni di prima necessità;Dinamarca
;IT0004764699;BRUNELLO CUCINELLI SPA;EQUITY;EUR; 0.03%;Beni voluttuari;Italia
;IT0005211237;ITALGAS SPA;EQUITY;EUR; 0.03%;Beni di pubblica utilità;Italia
;BE0003604155;LOTUS BAKERIES;EQUITY;EUR; 0.03%;Beni di prima necessità;Belgio
;GB00BP9LHF23;SCHRODERS PLC;EQUITY;GBP; 0.03%;Finanziari;Regno Unito
;GB0002318888;CRANSWICK PLC;EQUITY;GBP; 0.03%;Beni di prima necessità;Regno Unito
;CH1386220409;SUNRISE COMMUNICATIONS AG-A;EQUITY;CHF; 0.03%;Servizi di comunicazione;Svizzera
;IT0001250932;HERA SPA;EQUITY;EUR; 0.03%;Beni di pubblica utilità;Italia
;DK0061802139;ALK-ABELLO A/S;EQUITY;DKK; 0.03%;Sanità;Dinamarca
;BE0003593044;COFINIMMO;EQUITY;EUR; 0.03%;Immobiliare;Belgio
;BE0003823409;FINANCIERE DE TUBIZE;EQUITY;EUR; 0.03%;Sanità;Belgio
;SE0000108847;LUNDBERGS AB-B SHS;EQUITY;SEK; 0.03%;Finanziari;Svezia
;NL0000852564;AALBERTS NV;EQUITY;EUR; 0.03%;Industrali;Paesi Bassi
;PLOPTTC00011;CD PROJEKT SA;EQUITY;PLN; 0.03%;Servizi di comunicazione;Polonia
;GB00B61TVQ02;INCHCAPE PLC;EQUITY;GBP; 0.03%;Beni voluttuari;Regno Unito
;ES0127797019;EDP RENOVAVEIS;EQUITY;EUR; 0.03%;Beni di pubblica utilità;Portogallo
;IT0004776628;BANCA MEDIOLANUM SPA;EQUITY;EUR; 0.03%;Finanziari;Italia
;GB0000961622;BALFOUR BEATTY PLC;EQUITY;GBP; 0.03%;Industrali;Regno Unito
;SE0015671995;HEMNET GROUP AB;EQUITY;SEK; 0.03%;Servizi di comunicazione;Svezia
;SE0006422390;THULE GROUP AB;EQUITY;SEK; 0.03%;Beni voluttuari;Svezia
;NL0006237562;ARCADIS NV;EQUITY;EUR; 0.03%;Industrali;Paesi Bassi
;IT0001233417;A2A SPA;EQUITY;EUR; 0.03%;Beni di pubblica utilità;Italia
;AT0000937503;VOESTALPINE AG;EQUITY;EUR; 0.03%;Materiali;Austria
;SE0000375115;MYCRONIC AB;EQUITY;SEK; 0.03%;Information Technology;Svezia
;JE00BJ1DLW90;MAN GROUP PLC/JERSEY;EQUITY;GBP; 0.03%;Finanziari;Regno Unito
;SE0011090018;HOLMEN AB- B SHARES;EQUITY;SEK; 0.03%;Materiali;Svezia
;FI0009000459;HUHTAMAKI OYJ;EQUITY;EUR; 0.03%;Materiali;Finlandia
;IT0005282865;REPLY SPA;EQUITY;EUR; 0.03%;Information Technology;Italia
;CH0531751755;BANQUE CANTONALE VAUDOIS-REG;EQUITY;CHF; 0.03%;Finanziari;Svizzera
;DE0008303504;TAG IMMOBILIEN AG;EQUITY;EUR; 0.03%;Immobiliare;Germania
;NO0010310956;SALMAR ASA;EQUITY;NOK; 0.03%;Beni di prima necessità;Norvegia
;IT0001031084;BANCA GENERALI SPA;EQUITY;EUR; 0.03%;Finanziari;Italia
;DK0010311471;SYDBANK A/S;EQUITY;DKK; 0.03%;Finanziari;Dinamarca
;DK0060738599;DEMANT A/S;EQUITY;DKK; 0.03%;Sanità;Dinamarca
;SE0000120669;SSAB AB - B SHARES;EQUITY;SEK; 0.03%;Materiali;Svezia
;ES0125220311;ACCIONA SA;EQUITY;EUR; 0.03%;Beni di pubblica utilità;Spagna
;GB0003096442;RS GROUP PLC;EQUITY;GBP; 0.03%;Industrali;Regno Unito
;JE00BMDZN391;TP ICAP GROUP PLC;EQUITY;GBP; 0.03%;Finanziari;Regno Unito
;DE0005158703;BECHTLE AG;EQUITY;EUR; 0.03%;Information Technology;Germania
;GB00BVFNZH21;ROTORK PLC;EQUITY;GBP; 0.03%;Industrali;Regno Unito
;ES0124244E34;MAPFRE SA;EQUITY;EUR; 0.02%;Finanziari;Spagna
;FI4000552526;MANDATUM OYJ;EQUITY;EUR; 0.02%;Finanziari;Finlandia
;FI0009004824;KEMIRA OYJ;EQUITY;EUR; 0.02%;Materiali;Finlandia
;GB00BYT18307;TBC BANK GROUP PLC;EQUITY;GBP; 0.02%;Finanziari;Regno Unito
;NO0012470089;TOMRA SYSTEMS ASA;EQUITY;NOK; 0.02%;Industrali;Norvegia
;NL0011821392;SIGNIFY NV;EQUITY;EUR; 0.02%;Industrali;Paesi Bassi
;NO0011202772;VAR ENERGI ASA;EQUITY;NOK; 0.02%;Energia;Norvegia
;NL0000360618;SBM OFFSHORE NV;EQUITY;EUR; 0.02%;Energia;Paesi Bassi
;CH0528751586;VZ HOLDING AG;EQUITY;CHF; 0.02%;Finanziari;Svizzera
;IT0003261697;AZIMUT HOLDING SPA;EQUITY;EUR; 0.02%;Finanziari;Italia
;CH0038388911;SULZER AG-REG;EQUITY;CHF; 0.02%;Industrali;Svizzera
;CH0002432174;BUCHER INDUSTRIES AG REG;EQUITY;CHF; 0.02%;Industrali;Svizzera
;GB0033986497;ITV PLC;EQUITY;GBP; 0.02%;Servizi di comunicazione;Regno Unito
;DE0006969603;PUMA SE;EQUITY;EUR; 0.02%;Beni voluttuari;Germania
;GB00B0WMWD03;QINETIQ GROUP PLC;EQUITY;GBP; 0.02%;Industrali;Regno Unito
;IT0005495657;SAIPEM SPA;EQUITY;EUR; 0.02%;Energia;Italia
;DE000TUAG505;TUI AG XETRA;EQUITY;EUR; 0.02%;Beni voluttuari;Germania
;FR0000050809;SOPRA STERIA GROUP;EQUITY;EUR; 0.02%;Information Technology;Francia
;FR0000064578;COVIVIO;EQUITY;EUR; 0.02%;Immobiliare;Francia
;SE0018012635;WIHLBORGS FASTIGHETER AB;EQUITY;SEK; 0.02%;Immobiliare;Svezia
;FR0013506730;VALLOUREC SA;EQUITY;EUR; 0.02%;Energia;Francia
;GB00BNNTLN49;PENNON GROUP PLC;EQUITY;GBP; 0.02%;Beni di pubblica utilità;Regno Unito
;ES0171996087;GRIFOLS SA;EQUITY;EUR; 0.02%;Sanità;Spagna
;ES0105777017;PUIG BRANDS SA-B;EQUITY;EUR; 0.02%;Beni di prima necessità;Spagna
;GB00BYZDVK82;SOFTCAT PLC;EQUITY;GBP; 0.02%;Information Technology;Regno Unito
;GB00B1VNSX38;DRAX GROUP PLC;EQUITY;GBP; 0.02%;Beni di pubblica utilità;Regno Unito
;BE0974400328;AZELIS GROUP NV;EQUITY;EUR; 0.02%;Industrali;Belgio
;GB00BP92CJ43;TATE & LYLE PLC;EQUITY;GBP; 0.02%;Beni di prima necessità;Regno Unito
;IT0004056880;AMPLIFON SPA;EQUITY;EUR; 0.02%;Sanità;Italia
;CH0126673539;DKSH HOLDING AG;EQUITY;CHF; 0.02%;Industrali;Svizzera
;GB00BM8Q5M07;JD SPORTS FASHION PLC;EQUITY;GBP; 0.02%;Beni voluttuari;Regno Unito
;IT0005366767;NEXI SPA;EQUITY;EUR; 0.02%;Finanziari;Italia
;GB0031215220;CARNIVAL PLC;EQUITY;GBP; 0.02%;Beni voluttuari;Regno Unito
;DK0010234467;FLSMIDTH & CO A/S;EQUITY;DKK; 0.02%;Industrali;Dinamarca
;DK0060946788;AMBU A/S-B;EQUITY;DKK; 0.02%;Sanità;Dinamarca
;DE000A3E5D64;FUCHS SE-PFD;EQUITY;EUR; 0.02%;Materiali;Germania
;FR0013269123;RUBIS;EQUITY;EUR; 0.02%;Beni di pubblica utilità;Francia
;FR0000121204;WENDEL;EQUITY;EUR; 0.02%;Finanziari;Francia
;ES0183746314;VIDRALA SA;EQUITY;EUR; 0.02%;Materiali;Spagna
;DE000KSAG888;K+S AG-REG;EQUITY;EUR; 0.02%;Materiali;Germania
;IT0001078911;INTERPUMP GROUP;EQUITY;EUR; 0.02%;Industrali;Italia
;CY0200352116;FRONTLINE PLC;EQUITY;NOK; 0.02%;Energia;Norvegia
;CH0239229302;SFS GROUP AG;EQUITY;CHF; 0.02%;Industrali;Svizzera
;FR0010340141;ADP;EQUITY;EUR; 0.02%;Industrali;Francia
;CH0012100191;TECAN GROUP AG -  REG;EQUITY;CHF; 0.02%;Sanità;Svizzera
;CH0012142631;CLARIANT AG-REG;EQUITY;CHF; 0.02%;Materiali;Svizzera
;GB00BNTJ3546;ALLFUNDS GROUP PLC;EQUITY;EUR; 0.02%;Finanziari;Paesi Bassi
;GB00BV9FP302;COMPUTACENTER PLC;EQUITY;GBP; 0.02%;Information Technology;Regno Unito
;IT0003492391;DIASORIN SPA;EQUITY;EUR; 0.02%;Sanità;Italia
;GB0003308607;SPECTRIS PLC;EQUITY;GBP; 0.02%;Information Technology;Regno Unito
;IE0000669501;GLANBIA PLC;EQUITY;EUR; 0.02%;Beni di prima necessità;Irlanda
;FO0000000179;BAKKAFROST P/F;EQUITY;NOK; 0.02%;Beni di prima necessità;Norvegia
;FI0009000277;TIETOEVRY OYJ;EQUITY;EUR; 0.02%;Information Technology;Finlandia
;GB00B7KR2P84;EASYJET PLC;EQUITY;GBP; 0.02%;Industrali;Regno Unito
;ES0184262212;VISCOFAN SA;EQUITY;EUR; 0.02%;Beni di prima necessità;Spagna
;NL0009432491;VOPAK;EQUITY;EUR; 0.02%;Energia;Paesi Bassi
;SE0014504817;LOOMIS AB;EQUITY;SEK; 0.02%;Industrali;Svezia
;SE0017780133;WALLENSTAM AB-B SHS;EQUITY;SEK; 0.02%;Immobiliare;Svezia
;SE0007074281;HEXPOL AB;EQUITY;SEK; 0.02%;Materiali;Svezia
;FR0000071946;ALTEN SA;EQUITY;EUR; 0.02%;Information Technology;Francia
;GB0002869419;BIG YELLOW GROUP PLC;EQUITY;GBP; 0.02%;Immobiliare;Regno Unito
;GB0001859296;VISTRY GROUP PLC;EQUITY;GBP; 0.02%;Beni voluttuari;Regno Unito
;DE0005470405;LANXESS AG;EQUITY;EUR; 0.02%;Materiali;Germania
;NL0012044747;REDCARE PHARMACY NV;EQUITY;EUR; 0.02%;Beni di prima necessità;Germania
;DE0005313704;CARL ZEISS MEDITEC AG;EQUITY;EUR; 0.02%;Sanità;Germania
;DE0006766504;AURUBIS AG;EQUITY;EUR; 0.02%;Materiali;Germania
;GB00B63QSB39;GREGGS PLC;EQUITY;GBP; 0.02%;Beni voluttuari;Regno Unito
;GB00B62G9D36;SHAFTESBURY CAPITAL PLC;EQUITY;GBP; 0.02%;Immobiliare;Regno Unito
;FR001400UH76;EURAZEO PRIME DE FIDELITE 2027;EQUITY;EUR; 0.02%;Finanziari;Francia
;CH0360826991;COMET HOLDING AG-REG;EQUITY;CHF; 0.02%;Information Technology;Svizzera
;DK0015998017;BAVARIAN NORDIC;EQUITY;DKK; 0.02%;Sanità;Dinamarca
;DK0010272632;GN STORE NORD A/S (GREAT NORDIC);EQUITY;DKK; 0.02%;Beni voluttuari;Dinamarca
;FR001400UH84;SEB PRIME DE FIDELITE 2027;EQUITY;EUR; 0.02%;Beni voluttuari;Francia
;GB0007973794;SERCO GROUP  ORD 2P;EQUITY;GBP; 0.02%;Industrali;Regno Unito
;SE0023615885;EMBRACER GROUP AB;EQUITY;SEK; 0.02%;Servizi di comunicazione;Svezia
;SE0016589188;ELECTROLUX AB-B;EQUITY;SEK; 0.02%;Beni voluttuari;Svezia
;GB0002652740;DERWENT LONDON PLC;EQUITY;GBP; 0.02%;Immobiliare;Regno Unito
;FR0000130403;CHRISTIAN DIOR SE;EQUITY;EUR; 0.02%;Beni voluttuari;Francia
;FR0013447729;VERALLIA;EQUITY;EUR; 0.02%;Materiali;Francia
;IE00B00MZ448;GRAFTON GROUP PLC-UTS LDN (GBP);EQUITY;GBP; 0.02%;Industrali;Regno Unito
;DE000A0LD6E6;GERRESHEIMER AG (XETRA);EQUITY;EUR; 0.02%;Sanità;Germania
;GB00B3MBS747;OCADO GROUP PLC;EQUITY;GBP; 0.02%;Beni di prima necessità;Regno Unito
;SE0001662230;HUSQVARNA AB -B-;EQUITY;SEK; 0.01%;Industrali;Svezia
;IM00B7S9G985;PLAYTECH PLC;EQUITY;GBP; 0.01%;Beni voluttuari;Regno Unito
;SE0022060521;KINNEVIK AB - B;EQUITY;SEK; 0.01%;Finanziari;Svezia
;GB00BND88V85;BRIDGEPOINT GROUP;EQUITY;GBP; 0.01%;Finanziari;Regno Unito
;CH1176493729;BACHEM HOLDING AG;EQUITY;CHF; 0.01%;Sanità;Svizzera
;FR0013176526;VALEO;EQUITY;EUR; 0.01%;Beni voluttuari;Francia
;FI4000571013;HIAB OYJ;EQUITY;EUR; 0.01%;Industrali;Finlandia
;CH1431598916;INFICON HOLDING AG-REG;EQUITY;CHF; 0.01%;Information Technology;Svizzera
;SE0000163628;ELEKTA AB-B SHS;EQUITY;SEK; 0.01%;Sanità;Svezia
;GB00B1N7Z094;SAFESTORE HOLDINGS;EQUITY;GBP; 0.01%;Immobiliare;Regno Unito
;NL00150003E1;FUGRO NV;EQUITY;EUR; 0.01%;Industrali;Paesi Bassi
;FR0013536729;SODEXO PRIME FIDELITE 2025;EQUITY;EUR; 0.01%;Beni voluttuari;Francia
;FR0000121121;EURAZEO SE;EQUITY;EUR; 0.01%;Finanziari;Francia
;GB00BV0V0321;PRUDENTIAL PLC - ENT;EQUITY;; 0.00%;Finanziari;Hong Kong
;FR0000121709;SEB SA;EQUITY;EUR; 0.00%;Beni voluttuari;Francia
;DE000C6ZNPD5;STOXX EUROPE 600 06/25 EUREX;FUTURE;EUR; 0.00%;; 
;ES0684262936;VISCOFAN SA-RTS;EQUITY;EUR; 0.00%;Beni di prima necessità;Spagna
;US6687711084;GEN DIGITAL INC;EQUITY;USD; 0.00%;Information Technology;Stati Uniti
;BE0970187903;ELIA GROUP SA/NV-RTS EXPD;EQUITY;EUR; 0.00%;Beni di pubblica utilità;Belgio
;IT0005643561;DIASORIN SPA-RTS;EQUITY;; 0.00%;Sanità;Italia
;GB00B7FC0762;NMC HEALTH PLC DLST;EQUITY;GBP; 0.00%;Sanità;Emirati Arabi Uniti
;;;;;;;
;;;;;;;
;Fonte : Amundi Asset Management;;;;;;
;;;;;;;
;"Informazioni promozionali e non contrattuali, che non devono essere considerate come un consiglio o una raccomandazione di investimento, una sollecitazione all'investimento, un'offerta o un acquisto.
Prima della sottoscrizione, per ulteriori informazioni sui rischi applicabili al Fondo e sulle Informazioni (come definite di seguito), i potenziali investitori devono leggere la documentazione d’offerta dei Fondi approvati dall'Autorité des Marchés Financiers (per i FCP francesi), dalla Commission de Surveillance du Secteur Financier (""CSSF"") per i comparti della Sicav lussemburghese Amundi Index Solutions (la ""SICAV"") o dalla Central Bank of Ireland per i comparti della ICAV irlandese Amundi ETF ICAV (tutti insieme i ""Comparti""), compreso il KID, disponibile su amundi.com /amundietf.com o su richiesta presso la sede della società di gestione.
L'investimento in un fondo comporta un notevole grado di rischio (i rischi sono descritti in dettaglio nel KID e nel Prospetto informativo).
Le performance passate del fondo non possono essere considerate un indicatore affidabile di risultati futuri e non offrono alcuna garanzia di rendimento.
L'esattezza, l'esaustività o la pertinenza delle informazioni, delle previsioni e delle analisi fornite non sono garantite. Si basano su fonti considerate affidabili e possono cambiare senza preavviso. Si tratta inevitabilmente di informazioni parziali, fornite sulla base dei dati di mercato rilevati in un determinato momento e soggette a modifiche.
Questo materiale non è destinato a cittadini o residenti degli Stati Uniti d'America o a qualsiasi ""U.S. Person"", come questo termine è definito nella SEC Regulation S ai sensi dello U.S. Securities Act del 1933. La definizione di US Person è indicata nella sezione delle menzioni legali su amundi.com o amundietf.com e nel Prospetto dei Comparti.
Le informazioni sopra riportate sono state ottenute dall'inventario contabile del Fondo, ma non rappresentano tutti i dati del Fondo. L'inventario contabile è la contabilità dettagliata delle attività del Fondo.
La data di calcolo delle informazioni è indicata sopra la tabella.
Le informazioni di cui sopra si basano, tra l'altro, sui dati di mercato a una certa data e possono quindi variare nel tempo.
Le informazioni di cui sopra sono pubblicate con un ritardo di almeno tre giorni di negoziazione rispetto ai dati di mercato in tempo reale. La pubblicazione delle informazioni è pertanto soggetta a un ritardo. Pertanto, vi invitiamo a consultare le date di aggiornamento di queste Informazioni nelle sezioni sopra indicate.";;;;;;
;"Replica Sintetica/Indiretta:
Il Fondo, gestito con un approccio di replica sintetica/indiretta, investe in derivati, fornendo la performance dell'indice in cambio della performance degli attivi (che possono non  includere necessariamente i componenti dell'indice di cui si cerca di replicare la performance).

Replica Fisica/Diretta:
- Solo per la Replica Fisica dei Fondi di diritto francese: il Fondo è gestito con un approccio di replica fisica. Questo consiste nell'investire nei titoli che compongono l'indice in proporzioni il più possibile simili a quelle dell'indice.
- Solo per la Replica Fisica dei Fondi obbligazionari della SICAV AIS: il Fondo è gestito con un approccio di replica diretta, che consiste principalmente nell'investire direttamente in obbligazioni che rappresentano i componenti dell'indice in una proporzione il più possibile simile a quella dell'indice.
- Solo per la Replica Fisica dei Fondi azionari della SICAV AIS: il Fondo è gestito con un approccio di replica fisica, principalmente attraverso investimenti diretti in titoli e/o altre attività idonee che rappresentano i componenti dell'indice in una proporzione molto vicina a quella dell'indice.
- Solo per la Replica Fisica a campionamento dei Fondi della SICAV AIS: il Fondo è gestito con un approccio di replica diretta, principalmente attraverso investimenti diretti in titoli e/o altre attività idonee che rappresentano i componenti dell'indice. Non si prevede che il Fondo detenga in via permanente tutti i componenti dell'indice o nelle stesse proporzioni dell'indice. Il Fondo può anche detenere alcuni titoli che non sono componenti sottostanti dell'indice.";;;;;;
;"I dati contenuti nel presente documento non sono stati validati dal revisore esterno del Fondo.
Il presente documento non è stato esaminato, timbrato o approvato da alcuna Autorità finanziaria.
È vietata la riproduzione senza il consenso scritto di Amundi Asset Management SAS.
Amundi ETF, Indexing & Smart Beta designa l'attività ETF, Indexing & Smart Beta di Amundi Asset Management.
Amundi Asset Management, con un capitale sociale di 1.143.615.555 euro, è un gestore di investimenti regolamentato dall'Autorité des Marchés Financiers francese con il n. GP 04000036, con sede legale a: Milano. GP 04000036, sede legale: 91-93 boulevard Pasteur - 75015 PARIGI - Francia 437 574 452 RCS Paris è la società di gestione del portafoglio del Fondo.
""Amundi Index Solutions, SICAV lussemburghese, RCS B206810, con sede al 5, allée Scheffer, L-2520 Lussemburgo. I comparti sono stati approvati per la distribuzione al pubblico in Lussemburgo dalla Commission de Surveillance du Secteur Financier del Lussemburgo (CSSF).
""Amundi ETF ICAV"", ICAV irlandese, con sede all'1 George’s Quay Plaza, George’s Quay, Dublin 2, D02 V002, Irlanda. I comparti sono stati approvati per la distribuzione al pubblico in Irlanda dalla Central Bank of Ireland (CBI).";;;;;;
